"ID","y"
"0","yes"
"1","no"
"2","no"
"3","yes"
"4","yes"
"5","yes"
"6","no"
"7","yes"
"8","yes"
"9","no"
"10","yes"
"11","yes"
"12","yes"
"13","yes"
"14","no"
"15","yes"
"16","no"
"17","no"
"18","yes"
"19","yes"
"20","no"
"21","yes"
"22","yes"
"23","yes"
"24","no"
"25","yes"
"26","no"
"27","no"
"28","no"
"29","yes"
"30","no"
"31","yes"
"32","no"
"33","yes"
"34","no"
"35","yes"
"36","no"
"37","no"
"38","yes"
"39","yes"
"40","yes"
"41","no"
"42","no"
"43","no"
"44","yes"
"45","no"
"46","no"
"47","no"
"48","yes"
"49","yes"
"50","no"
"51","no"
"52","yes"
"53","yes"
"54","no"
"55","no"
"56","yes"
"57","no"
"58","no"
"59","yes"
"60","yes"
"61","yes"
"62","no"
"63","yes"
"64","no"
"65","yes"
"66","no"
"67","yes"
"68","yes"
"69","no"
"70","no"
"71","yes"
"72","no"
"73","no"
"74","no"
"75","no"
"76","no"
"77","no"
"78","no"
"79","no"
"80","no"
"81","no"
"82","no"
"83","no"
"84","yes"
"85","no"
"86","no"
"87","no"
"88","no"
"89","yes"
"90","no"
"91","no"
"92","yes"
"93","yes"
"94","no"
"95","yes"
"96","yes"
"97","yes"
"98","no"
"99","yes"
"100","yes"
"101","no"
"102","yes"
"103","no"
"104","no"
"105","no"
"106","no"
"107","no"
"108","yes"
"109","no"
"110","yes"
"111","no"
"112","yes"
"113","no"
"114","no"
"115","no"
"116","no"
"117","yes"
"118","yes"
"119","yes"
"120","no"
"121","no"
"122","yes"
"123","yes"
"124","yes"
"125","yes"
"126","yes"
"127","yes"
"128","yes"
"129","yes"
"130","yes"
"131","yes"
"132","yes"
"133","yes"
"134","no"
"135","no"
"136","yes"
"137","no"
"138","yes"
"139","no"
"140","yes"
"141","yes"
"142","yes"
"143","yes"
"144","yes"
"145","no"
"146","yes"
"147","no"
"148","yes"
"149","yes"
"150","no"
"151","no"
"152","no"
"153","yes"
"154","no"
"155","yes"
"156","yes"
"157","yes"
"158","no"
"159","yes"
"160","yes"
"161","no"
"162","no"
"163","yes"
"164","yes"
"165","no"
"166","yes"
"167","yes"
"168","yes"
"169","no"
"170","yes"
"171","yes"
"172","no"
"173","no"
"174","no"
"175","yes"
"176","no"
"177","yes"
"178","no"
"179","yes"
"180","yes"
"181","no"
"182","yes"
"183","no"
"184","no"
"185","yes"
"186","yes"
"187","yes"
"188","no"
"189","yes"
"190","no"
"191","no"
"192","no"
"193","no"
"194","no"
"195","no"
"196","yes"
"197","yes"
"198","yes"
"199","no"
"200","no"
"201","no"
"202","no"
"203","no"
"204","yes"
"205","yes"
"206","no"
"207","yes"
"208","yes"
"209","no"
"210","yes"
"211","no"
"212","yes"
"213","no"
"214","yes"
"215","yes"
"216","no"
"217","yes"
"218","yes"
"219","yes"
"220","no"
"221","no"
"222","yes"
"223","no"
"224","no"
"225","no"
"226","yes"
"227","yes"
"228","yes"
"229","no"
"230","no"
"231","no"
"232","no"
"233","no"
"234","no"
"235","no"
"236","no"
"237","no"
"238","no"
"239","no"
"240","no"
"241","yes"
"242","yes"
"243","no"
"244","yes"
"245","yes"
"246","no"
"247","yes"
"248","yes"
"249","no"
"250","yes"
"251","no"
"252","no"
"253","no"
"254","no"
"255","yes"
"256","no"
"257","yes"
"258","yes"
"259","no"
"260","yes"
"261","no"
"262","no"
"263","no"
"264","yes"
"265","no"
"266","yes"
"267","yes"
"268","no"
"269","no"
"270","yes"
"271","no"
"272","yes"
"273","no"
"274","yes"
"275","yes"
"276","yes"
"277","no"
"278","yes"
"279","no"
"280","no"
"281","no"
"282","yes"
"283","no"
"284","no"
"285","no"
"286","no"
"287","no"
"288","no"
"289","no"
"290","no"
"291","no"
"292","no"
"293","no"
"294","yes"
"295","no"
"296","yes"
"297","no"
"298","no"
"299","yes"
"300","yes"
"301","no"
"302","no"
"303","yes"
"304","yes"
"305","yes"
"306","yes"
"307","yes"
"308","yes"
"309","yes"
"310","no"
"311","yes"
"312","no"
"313","no"
"314","no"
"315","yes"
"316","no"
"317","no"
"318","no"
"319","no"
"320","yes"
"321","no"
"322","no"
"323","no"
"324","yes"
"325","no"
"326","yes"
"327","no"
"328","no"
"329","no"
"330","yes"
"331","no"
"332","no"
"333","no"
"334","yes"
"335","no"
"336","yes"
"337","yes"
"338","yes"
"339","yes"
"340","no"
"341","yes"
"342","yes"
"343","no"
"344","yes"
"345","no"
"346","no"
"347","yes"
"348","no"
"349","no"
"350","yes"
"351","no"
"352","yes"
"353","no"
"354","yes"
"355","yes"
"356","yes"
"357","no"
"358","no"
"359","no"
"360","yes"
"361","yes"
"362","no"
"363","yes"
"364","no"
"365","yes"
"366","yes"
"367","yes"
"368","no"
"369","no"
"370","yes"
"371","no"
"372","no"
"373","yes"
"374","yes"
"375","yes"
"376","no"
"377","no"
"378","yes"
"379","yes"
"380","yes"
"381","yes"
"382","yes"
"383","no"
"384","yes"
"385","no"
"386","yes"
"387","no"
"388","no"
"389","yes"
"390","no"
"391","yes"
"392","yes"
"393","yes"
"394","yes"
"395","no"
"396","no"
"397","no"
"398","yes"
"399","yes"
"400","no"
"401","yes"
"402","yes"
"403","yes"
"404","yes"
"405","yes"
"406","no"
"407","yes"
"408","no"
"409","no"
"410","no"
"411","yes"
"412","yes"
"413","no"
"414","yes"
"415","no"
"416","no"
"417","yes"
"418","no"
"419","yes"
"420","no"
"421","yes"
"422","yes"
"423","no"
"424","no"
"425","no"
"426","no"
"427","no"
"428","yes"
"429","yes"
"430","no"
"431","no"
"432","no"
"433","yes"
"434","yes"
"435","no"
"436","yes"
"437","yes"
"438","yes"
"439","no"
"440","yes"
"441","no"
"442","yes"
"443","yes"
"444","yes"
"445","yes"
"446","yes"
"447","yes"
"448","no"
"449","yes"
"450","yes"
"451","yes"
"452","no"
"453","yes"
"454","no"
"455","yes"
"456","yes"
"457","yes"
"458","yes"
"459","yes"
"460","yes"
"461","yes"
"462","yes"
"463","yes"
"464","no"
"465","no"
"466","yes"
"467","no"
"468","no"
"469","yes"
"470","yes"
"471","no"
"472","yes"
"473","yes"
"474","no"
"475","no"
"476","yes"
"477","yes"
"478","yes"
"479","yes"
"480","no"
"481","yes"
"482","yes"
"483","no"
"484","no"
"485","no"
"486","yes"
"487","no"
"488","no"
"489","yes"
"490","yes"
"491","no"
"492","no"
"493","yes"
"494","yes"
"495","yes"
"496","no"
"497","yes"
"498","yes"
"499","yes"
"500","no"
"501","no"
"502","yes"
"503","no"
"504","yes"
"505","yes"
"506","no"
"507","no"
"508","no"
"509","yes"
"510","yes"
"511","yes"
"512","yes"
"513","yes"
"514","yes"
"515","yes"
"516","yes"
"517","yes"
"518","no"
"519","yes"
"520","no"
"521","no"
"522","yes"
"523","no"
"524","yes"
"525","yes"
"526","yes"
"527","no"
"528","yes"
"529","no"
"530","no"
"531","yes"
"532","no"
"533","yes"
"534","no"
"535","yes"
"536","no"
"537","yes"
"538","yes"
"539","no"
"540","no"
"541","no"
"542","no"
"543","yes"
"544","no"
"545","yes"
"546","yes"
"547","yes"
"548","no"
"549","no"
"550","no"
"551","yes"
"552","no"
"553","yes"
"554","yes"
"555","yes"
"556","yes"
"557","no"
"558","no"
"559","yes"
"560","no"
"561","yes"
"562","yes"
"563","yes"
"564","no"
"565","no"
"566","yes"
"567","no"
"568","yes"
"569","yes"
"570","yes"
"571","yes"
"572","no"
"573","no"
"574","no"
"575","no"
"576","yes"
"577","yes"
"578","yes"
"579","no"
"580","no"
"581","no"
"582","no"
"583","no"
"584","no"
"585","yes"
"586","yes"
"587","no"
"588","no"
"589","no"
"590","yes"
"591","no"
"592","no"
"593","no"
"594","yes"
"595","yes"
"596","yes"
"597","no"
"598","yes"
"599","no"
"600","no"
"601","no"
"602","no"
"603","no"
"604","no"
"605","no"
"606","no"
"607","yes"
"608","yes"
"609","yes"
"610","yes"
"611","no"
"612","yes"
"613","no"
"614","no"
"615","yes"
"616","no"
"617","yes"
"618","yes"
"619","no"
"620","no"
"621","no"
"622","no"
"623","no"
"624","no"
"625","no"
"626","no"
"627","no"
"628","yes"
"629","yes"
"630","yes"
"631","yes"
"632","no"
"633","no"
"634","yes"
"635","yes"
"636","yes"
"637","no"
"638","yes"
"639","no"
"640","yes"
"641","no"
"642","yes"
"643","no"
"644","no"
"645","yes"
"646","no"
"647","yes"
"648","no"
"649","yes"
"650","no"
"651","no"
"652","no"
"653","yes"
"654","no"
"655","yes"
"656","no"
"657","yes"
"658","yes"
"659","no"
"660","no"
"661","no"
"662","no"
"663","no"
"664","no"
"665","no"
"666","no"
"667","no"
"668","yes"
"669","yes"
"670","no"
"671","no"
"672","yes"
"673","no"
"674","no"
"675","yes"
"676","yes"
"677","no"
"678","no"
"679","yes"
"680","yes"
"681","yes"
"682","no"
"683","yes"
"684","no"
"685","yes"
"686","no"
"687","yes"
"688","no"
"689","yes"
"690","no"
"691","no"
"692","no"
"693","no"
"694","no"
"695","no"
"696","yes"
"697","yes"
"698","yes"
"699","no"
"700","yes"
"701","no"
"702","yes"
"703","no"
"704","no"
"705","yes"
"706","no"
"707","yes"
"708","no"
"709","yes"
"710","yes"
"711","no"
"712","no"
"713","no"
"714","no"
"715","no"
"716","no"
"717","no"
"718","no"
"719","no"
"720","no"
"721","no"
"722","no"
"723","no"
"724","no"
"725","yes"
"726","yes"
"727","no"
"728","no"
"729","no"
"730","no"
"731","yes"
"732","no"
"733","no"
"734","no"
"735","no"
"736","no"
"737","yes"
"738","yes"
"739","yes"
"740","yes"
"741","no"
"742","no"
"743","no"
"744","no"
"745","no"
"746","no"
"747","no"
"748","yes"
"749","yes"
"750","no"
"751","no"
"752","no"
"753","yes"
"754","no"
"755","no"
"756","no"
"757","yes"
"758","no"
"759","no"
"760","yes"
"761","no"
"762","no"
"763","yes"
"764","no"
"765","no"
"766","yes"
"767","no"
"768","no"
"769","no"
"770","no"
"771","no"
"772","yes"
"773","yes"
"774","no"
"775","yes"
"776","no"
"777","yes"
"778","no"
"779","no"
"780","no"
"781","no"
"782","yes"
"783","yes"
"784","no"
"785","yes"
"786","no"
"787","no"
"788","no"
"789","no"
"790","yes"
"791","no"
"792","no"
"793","no"
"794","no"
"795","no"
"796","no"
"797","no"
"798","no"
"799","yes"
"800","no"
"801","no"
"802","no"
"803","no"
"804","no"
"805","no"
"806","no"
"807","yes"
"808","no"
"809","yes"
"810","yes"
"811","no"
"812","no"
"813","yes"
"814","no"
"815","no"
"816","no"
"817","no"
"818","no"
"819","no"
"820","yes"
"821","no"
"822","yes"
"823","no"
"824","no"
"825","no"
"826","no"
"827","no"
"828","yes"
"829","no"
"830","no"
"831","no"
"832","no"
"833","no"
"834","yes"
"835","no"
"836","yes"
"837","yes"
"838","no"
"839","no"
"840","yes"
"841","no"
"842","no"
"843","no"
"844","no"
"845","no"
"846","no"
"847","no"
"848","yes"
"849","no"
"850","yes"
"851","yes"
"852","yes"
"853","yes"
"854","yes"
"855","yes"
"856","no"
"857","no"
"858","no"
"859","no"
"860","no"
"861","no"
"862","yes"
"863","yes"
"864","no"
"865","yes"
"866","yes"
"867","no"
"868","yes"
"869","no"
"870","no"
"871","no"
"872","yes"
"873","no"
"874","yes"
"875","yes"
"876","yes"
"877","yes"
"878","no"
"879","yes"
"880","no"
"881","no"
"882","no"
"883","no"
"884","yes"
"885","yes"
"886","no"
"887","yes"
"888","no"
"889","yes"
"890","no"
"891","no"
"892","no"
"893","yes"
"894","no"
"895","no"
"896","no"
"897","no"
"898","no"
"899","no"
"900","no"
"901","no"
"902","no"
"903","no"
"904","yes"
"905","no"
"906","no"
"907","yes"
"908","yes"
"909","no"
"910","no"
"911","yes"
"912","no"
"913","no"
"914","no"
"915","no"
"916","yes"
"917","no"
"918","no"
"919","no"
"920","no"
"921","no"
"922","no"
"923","no"
"924","no"
"925","yes"
"926","no"
"927","yes"
"928","no"
"929","yes"
"930","yes"
"931","no"
"932","yes"
"933","yes"
"934","yes"
"935","no"
"936","no"
"937","no"
"938","no"
"939","no"
"940","yes"
"941","no"
"942","yes"
"943","yes"
"944","yes"
"945","yes"
"946","no"
"947","yes"
"948","yes"
"949","no"
"950","no"
"951","no"
"952","yes"
"953","yes"
"954","yes"
"955","no"
"956","no"
"957","yes"
"958","yes"
"959","no"
"960","no"
"961","no"
"962","no"
"963","yes"
"964","yes"
"965","no"
"966","yes"
"967","yes"
"968","yes"
"969","yes"
"970","no"
"971","yes"
"972","yes"
"973","yes"
"974","no"
"975","yes"
"976","no"
"977","no"
"978","yes"
"979","no"
"980","no"
"981","yes"
"982","yes"
"983","no"
"984","yes"
"985","yes"
"986","no"
"987","no"
"988","no"
"989","no"
"990","no"
"991","no"
"992","no"
"993","no"
"994","no"
"995","no"
"996","no"
"997","no"
"998","yes"
"999","no"
"1000","no"
"1001","yes"
"1002","no"
"1003","no"
"1004","no"
"1005","no"
"1006","no"
"1007","no"
"1008","no"
"1009","yes"
"1010","no"
"1011","no"
"1012","no"
"1013","yes"
"1014","yes"
"1015","no"
"1016","yes"
"1017","no"
"1018","no"
"1019","no"
"1020","yes"
"1021","yes"
"1022","yes"
"1023","no"
"1024","no"
"1025","no"
"1026","no"
"1027","no"
"1028","no"
"1029","yes"
"1030","yes"
"1031","no"
"1032","yes"
"1033","no"
"1034","no"
"1035","no"
"1036","yes"
"1037","no"
"1038","no"
"1039","no"
"1040","no"
"1041","no"
"1042","no"
"1043","no"
"1044","no"
"1045","no"
"1046","no"
"1047","yes"
"1048","no"
"1049","no"
"1050","no"
"1051","yes"
"1052","yes"
"1053","yes"
"1054","yes"
"1055","no"
"1056","yes"
"1057","yes"
"1058","no"
"1059","no"
"1060","no"
"1061","no"
"1062","no"
"1063","yes"
"1064","no"
"1065","no"
"1066","no"
"1067","no"
"1068","no"
"1069","yes"
"1070","no"
"1071","yes"
"1072","no"
"1073","no"
"1074","no"
"1075","yes"
"1076","no"
"1077","no"
"1078","no"
"1079","yes"
"1080","no"
"1081","no"
"1082","yes"
"1083","yes"
"1084","no"
"1085","no"
"1086","no"
"1087","no"
"1088","no"
"1089","no"
"1090","yes"
"1091","no"
"1092","no"
"1093","no"
"1094","no"
"1095","yes"
"1096","no"
"1097","no"
"1098","no"
"1099","no"
"1100","yes"
"1101","no"
"1102","yes"
"1103","no"
"1104","yes"
"1105","no"
"1106","no"
"1107","no"
"1108","no"
"1109","no"
"1110","no"
"1111","no"
"1112","no"
"1113","no"
"1114","yes"
"1115","no"
"1116","yes"
"1117","yes"
"1118","no"
"1119","no"
"1120","no"
"1121","yes"
"1122","no"
"1123","no"
"1124","no"
"1125","yes"
"1126","no"
"1127","yes"
"1128","no"
"1129","no"
"1130","no"
"1131","no"
"1132","yes"
"1133","no"
"1134","no"
"1135","no"
"1136","no"
"1137","no"
"1138","no"
"1139","yes"
"1140","no"
"1141","no"
"1142","yes"
"1143","no"
"1144","no"
"1145","yes"
"1146","no"
"1147","no"
"1148","yes"
"1149","yes"
"1150","yes"
"1151","no"
"1152","yes"
"1153","yes"
"1154","yes"
"1155","no"
"1156","yes"
"1157","no"
"1158","no"
"1159","yes"
"1160","yes"
"1161","no"
"1162","yes"
"1163","yes"
"1164","yes"
"1165","yes"
"1166","no"
"1167","no"
"1168","yes"
"1169","no"
"1170","no"
"1171","no"
"1172","yes"
"1173","yes"
"1174","no"
"1175","no"
"1176","no"
"1177","yes"
"1178","no"
"1179","no"
"1180","yes"
"1181","no"
"1182","no"
"1183","no"
"1184","yes"
"1185","yes"
"1186","yes"
"1187","yes"
"1188","no"
"1189","no"
"1190","no"
"1191","no"
"1192","no"
"1193","no"
"1194","no"
"1195","no"
"1196","no"
"1197","no"
"1198","no"
"1199","no"
"1200","no"
"1201","no"
"1202","no"
"1203","no"
"1204","no"
"1205","no"
"1206","no"
"1207","no"
"1208","no"
"1209","yes"
"1210","no"
"1211","no"
"1212","no"
"1213","no"
"1214","no"
"1215","yes"
"1216","yes"
"1217","no"
"1218","no"
"1219","no"
"1220","no"
"1221","no"
"1222","no"
"1223","no"
"1224","no"
"1225","no"
"1226","yes"
"1227","no"
"1228","yes"
"1229","no"
"1230","no"
"1231","no"
"1232","yes"
"1233","no"
"1234","yes"
"1235","yes"
"1236","yes"
"1237","yes"
"1238","no"
"1239","no"
"1240","yes"
"1241","yes"
"1242","no"
"1243","no"
"1244","yes"
"1245","no"
"1246","yes"
"1247","no"
"1248","yes"
"1249","no"
"1250","yes"
"1251","yes"
"1252","no"
"1253","no"
"1254","yes"
"1255","no"
"1256","no"
"1257","no"
"1258","no"
"1259","no"
"1260","no"
"1261","no"
"1262","no"
"1263","yes"
"1264","no"
"1265","yes"
"1266","no"
"1267","no"
"1268","no"
"1269","no"
"1270","no"
"1271","no"
"1272","no"
"1273","no"
"1274","no"
"1275","yes"
"1276","yes"
"1277","yes"
"1278","yes"
"1279","yes"
"1280","no"
"1281","no"
"1282","no"
"1283","no"
"1284","no"
"1285","no"
"1286","yes"
"1287","yes"
"1288","no"
"1289","no"
"1290","no"
"1291","no"
"1292","no"
"1293","yes"
"1294","no"
"1295","yes"
"1296","yes"
"1297","no"
"1298","no"
"1299","no"
"1300","no"
"1301","yes"
"1302","no"
"1303","yes"
"1304","no"
"1305","no"
"1306","no"
"1307","no"
"1308","yes"
"1309","no"
"1310","no"
"1311","yes"
"1312","no"
"1313","no"
"1314","no"
"1315","no"
"1316","yes"
"1317","no"
"1318","no"
"1319","no"
"1320","no"
"1321","no"
"1322","no"
"1323","no"
"1324","yes"
"1325","yes"
"1326","no"
"1327","no"
"1328","no"
"1329","no"
"1330","no"
"1331","yes"
"1332","no"
"1333","no"
"1334","yes"
"1335","no"
"1336","yes"
"1337","no"
"1338","yes"
"1339","no"
"1340","yes"
"1341","no"
"1342","no"
"1343","yes"
"1344","no"
"1345","no"
"1346","yes"
"1347","no"
"1348","no"
"1349","no"
"1350","no"
"1351","no"
"1352","yes"
"1353","no"
"1354","yes"
"1355","no"
"1356","no"
"1357","no"
"1358","no"
"1359","no"
"1360","no"
"1361","no"
"1362","no"
"1363","yes"
"1364","no"
"1365","yes"
"1366","no"
"1367","no"
"1368","no"
"1369","no"
"1370","no"
"1371","no"
"1372","no"
"1373","no"
"1374","no"
"1375","no"
"1376","no"
"1377","no"
"1378","yes"
"1379","no"
"1380","yes"
"1381","no"
"1382","no"
"1383","no"
"1384","no"
"1385","yes"
"1386","no"
"1387","yes"
"1388","no"
"1389","no"
"1390","yes"
"1391","no"
"1392","no"
"1393","yes"
"1394","yes"
"1395","yes"
"1396","no"
"1397","yes"
"1398","no"
"1399","no"
"1400","no"
"1401","no"
"1402","no"
"1403","yes"
"1404","yes"
"1405","yes"
"1406","yes"
"1407","yes"
"1408","no"
"1409","no"
"1410","yes"
"1411","no"
"1412","no"
"1413","yes"
"1414","no"
"1415","no"
"1416","yes"
"1417","no"
"1418","yes"
"1419","no"
"1420","yes"
"1421","no"
"1422","yes"
"1423","no"
"1424","no"
"1425","yes"
"1426","no"
"1427","yes"
"1428","yes"
"1429","yes"
"1430","yes"
"1431","yes"
"1432","no"
"1433","yes"
"1434","no"
"1435","no"
"1436","yes"
"1437","yes"
"1438","no"
"1439","yes"
"1440","yes"
"1441","no"
"1442","yes"
"1443","no"
"1444","yes"
"1445","no"
"1446","yes"
"1447","no"
"1448","no"
"1449","yes"
"1450","yes"
"1451","yes"
"1452","yes"
"1453","yes"
"1454","yes"
"1455","yes"
"1456","yes"
"1457","no"
"1458","yes"
"1459","no"
"1460","no"
"1461","yes"
"1462","no"
"1463","no"
"1464","no"
"1465","no"
"1466","no"
"1467","yes"
"1468","yes"
"1469","yes"
"1470","no"
"1471","yes"
"1472","yes"
"1473","yes"
"1474","yes"
"1475","yes"
"1476","yes"
"1477","no"
"1478","no"
"1479","no"
"1480","no"
"1481","yes"
"1482","yes"
"1483","no"
"1484","yes"
"1485","yes"
"1486","yes"
"1487","yes"
"1488","no"
"1489","yes"
"1490","yes"
"1491","no"
"1492","yes"
"1493","no"
"1494","yes"
"1495","yes"
"1496","no"
"1497","no"
"1498","no"
"1499","yes"
"1500","yes"
"1501","yes"
"1502","yes"
"1503","yes"
"1504","no"
"1505","yes"
"1506","no"
"1507","no"
"1508","yes"
"1509","yes"
"1510","no"
"1511","yes"
"1512","no"
"1513","no"
"1514","yes"
"1515","yes"
"1516","yes"
"1517","yes"
"1518","yes"
"1519","yes"
"1520","yes"
"1521","no"
"1522","yes"
"1523","yes"
"1524","yes"
"1525","yes"
"1526","no"
"1527","no"
"1528","no"
"1529","no"
"1530","no"
"1531","no"
"1532","no"
"1533","no"
"1534","yes"
"1535","yes"
"1536","no"
"1537","yes"
"1538","no"
"1539","yes"
"1540","no"
"1541","no"
"1542","yes"
"1543","no"
"1544","no"
"1545","no"
"1546","no"
"1547","no"
"1548","no"
"1549","yes"
"1550","no"
"1551","yes"
"1552","no"
"1553","no"
"1554","yes"
"1555","no"
"1556","no"
"1557","no"
"1558","yes"
"1559","no"
"1560","yes"
"1561","yes"
"1562","yes"
"1563","yes"
"1564","no"
"1565","no"
"1566","no"
"1567","no"
"1568","yes"
"1569","yes"
"1570","yes"
"1571","no"
"1572","yes"
"1573","yes"
"1574","yes"
"1575","yes"
"1576","no"
"1577","no"
"1578","no"
"1579","yes"
"1580","yes"
"1581","no"
"1582","no"
"1583","no"
"1584","no"
"1585","yes"
"1586","no"
"1587","yes"
"1588","yes"
"1589","yes"
"1590","no"
"1591","no"
"1592","no"
"1593","yes"
"1594","yes"
"1595","yes"
"1596","yes"
"1597","no"
"1598","yes"
"1599","yes"
"1600","yes"
"1601","yes"
"1602","no"
"1603","yes"
"1604","no"
"1605","yes"
"1606","no"
"1607","no"
"1608","yes"
"1609","yes"
"1610","yes"
"1611","no"
"1612","no"
"1613","no"
"1614","no"
"1615","yes"
"1616","yes"
"1617","yes"
"1618","yes"
"1619","no"
"1620","no"
"1621","yes"
"1622","no"
"1623","no"
"1624","yes"
"1625","no"
"1626","no"
"1627","yes"
"1628","yes"
"1629","no"
"1630","no"
"1631","no"
"1632","no"
"1633","no"
"1634","no"
"1635","yes"
"1636","no"
"1637","yes"
"1638","yes"
"1639","no"
"1640","no"
"1641","yes"
"1642","no"
"1643","no"
"1644","no"
"1645","no"
"1646","no"
"1647","no"
"1648","no"
"1649","yes"
"1650","yes"
"1651","yes"
"1652","yes"
"1653","yes"
"1654","yes"
"1655","yes"
"1656","no"
"1657","yes"
"1658","yes"
"1659","yes"
"1660","no"
"1661","yes"
"1662","yes"
"1663","yes"
"1664","yes"
"1665","yes"
"1666","yes"
"1667","yes"
"1668","yes"
"1669","yes"
"1670","yes"
"1671","yes"
"1672","no"
"1673","no"
"1674","yes"
"1675","yes"
"1676","no"
"1677","no"
"1678","yes"
"1679","yes"
"1680","yes"
"1681","yes"
"1682","yes"
"1683","yes"
"1684","yes"
"1685","yes"
"1686","no"
"1687","yes"
"1688","no"
"1689","yes"
"1690","yes"
"1691","yes"
"1692","no"
"1693","yes"
"1694","yes"
"1695","yes"
"1696","yes"
"1697","no"
"1698","yes"
"1699","yes"
"1700","yes"
"1701","yes"
"1702","yes"
"1703","yes"
"1704","yes"
"1705","yes"
"1706","no"
"1707","yes"
"1708","yes"
"1709","yes"
"1710","yes"
"1711","yes"
"1712","yes"
"1713","no"
"1714","yes"
"1715","yes"
"1716","no"
"1717","yes"
"1718","yes"
"1719","no"
"1720","no"
"1721","yes"
"1722","yes"
"1723","yes"
"1724","yes"
"1725","no"
"1726","yes"
"1727","yes"
"1728","yes"
"1729","yes"
"1730","yes"
"1731","yes"
"1732","yes"
"1733","yes"
"1734","no"
"1735","no"
"1736","yes"
"1737","yes"
"1738","yes"
"1739","yes"
"1740","yes"
"1741","yes"
"1742","yes"
"1743","yes"
"1744","yes"
"1745","yes"
"1746","no"
"1747","yes"
"1748","yes"
"1749","yes"
"1750","yes"
"1751","yes"
"1752","yes"
"1753","no"
"1754","yes"
"1755","yes"
"1756","no"
"1757","no"
"1758","yes"
"1759","no"
"1760","yes"
"1761","yes"
"1762","no"
"1763","yes"
"1764","no"
"1765","no"
"1766","yes"
"1767","yes"
"1768","yes"
"1769","no"
"1770","yes"
"1771","no"
"1772","yes"
"1773","yes"
"1774","yes"
"1775","yes"
"1776","yes"
"1777","yes"
"1778","yes"
"1779","yes"
"1780","yes"
"1781","yes"
"1782","yes"
"1783","no"
"1784","yes"
"1785","yes"
"1786","yes"
"1787","yes"
"1788","yes"
"1789","yes"
"1790","yes"
"1791","no"
"1792","yes"
"1793","yes"
"1794","yes"
"1795","no"
"1796","yes"
"1797","yes"
"1798","yes"
"1799","yes"
"1800","yes"
"1801","yes"
"1802","yes"
"1803","no"
"1804","yes"
"1805","no"
"1806","yes"
"1807","no"
"1808","yes"
"1809","yes"
"1810","yes"
"1811","yes"
"1812","yes"
"1813","no"
"1814","no"
"1815","yes"
"1816","yes"
"1817","yes"
"1818","yes"
"1819","yes"
"1820","yes"
"1821","yes"
"1822","yes"
"1823","yes"
"1824","no"
"1825","yes"
"1826","yes"
"1827","no"
"1828","yes"
"1829","yes"
"1830","yes"
"1831","yes"
"1832","yes"
"1833","yes"
"1834","yes"
"1835","yes"
"1836","yes"
"1837","yes"
"1838","yes"
"1839","yes"
"1840","yes"
"1841","yes"
"1842","yes"
"1843","yes"
"1844","yes"
"1845","no"
"1846","yes"
"1847","yes"
"1848","yes"
"1849","yes"
"1850","yes"
"1851","yes"
"1852","yes"
"1853","yes"
"1854","yes"
"1855","yes"
"1856","yes"
"1857","yes"
"1858","yes"
"1859","yes"
"1860","yes"
"1861","yes"
"1862","yes"
"1863","yes"
"1864","yes"
"1865","yes"
"1866","yes"
"1867","yes"
"1868","yes"
"1869","yes"
"1870","yes"
"1871","yes"
"1872","no"
"1873","yes"
"1874","yes"
"1875","yes"
"1876","no"
"1877","yes"
"1878","yes"
"1879","yes"
"1880","yes"
"1881","no"
"1882","yes"
"1883","yes"
"1884","yes"
"1885","yes"
"1886","yes"
"1887","no"
"1888","no"
"1889","yes"
"1890","yes"
"1891","yes"
"1892","yes"
"1893","yes"
"1894","yes"
"1895","yes"
"1896","no"
"1897","yes"
"1898","no"
"1899","yes"
"1900","yes"
"1901","yes"
"1902","yes"
"1903","yes"
"1904","yes"
"1905","yes"
"1906","yes"
"1907","yes"
"1908","no"
"1909","yes"
"1910","yes"
"1911","yes"
"1912","yes"
"1913","yes"
"1914","yes"
"1915","yes"
"1916","yes"
"1917","yes"
"1918","yes"
"1919","yes"
"1920","yes"
"1921","yes"
"1922","yes"
"1923","yes"
"1924","yes"
"1925","yes"
"1926","yes"
"1927","yes"
"1928","yes"
"1929","yes"
"1930","yes"
"1931","yes"
"1932","yes"
"1933","yes"
"1934","yes"
"1935","yes"
"1936","yes"
"1937","yes"
"1938","yes"
"1939","yes"
"1940","yes"
"1941","yes"
"1942","yes"
"1943","yes"
"1944","yes"
"1945","yes"
"1946","yes"
"1947","yes"
"1948","yes"
"1949","yes"
"1950","yes"
"1951","yes"
"1952","yes"
"1953","yes"
"1954","yes"
"1955","yes"
"1956","yes"
"1957","yes"
"1958","yes"
"1959","yes"
"1960","yes"
"1961","yes"
"1962","yes"
"1963","yes"
"1964","no"
"1965","yes"
"1966","yes"
"1967","yes"
"1968","no"
"1969","yes"
"1970","no"
"1971","yes"
"1972","no"
"1973","yes"
"1974","yes"
"1975","yes"
"1976","no"
"1977","no"
"1978","no"
"1979","yes"
"1980","yes"
"1981","yes"
"1982","yes"
"1983","yes"
"1984","yes"
"1985","yes"
"1986","yes"
"1987","yes"
"1988","yes"
"1989","yes"
"1990","yes"
"1991","yes"
"1992","yes"
"1993","yes"
"1994","yes"
"1995","yes"
"1996","yes"
"1997","no"
"1998","no"
"1999","yes"
"2000","yes"
"2001","yes"
"2002","yes"
"2003","yes"
"2004","yes"
"2005","yes"
"2006","yes"
"2007","yes"
"2008","yes"
"2009","yes"
"2010","yes"
"2011","no"
"2012","yes"
"2013","yes"
"2014","yes"
"2015","yes"
"2016","yes"
"2017","yes"
"2018","yes"
"2019","yes"
"2020","no"
"2021","yes"
"2022","yes"
"2023","no"
"2024","yes"
"2025","yes"
"2026","yes"
"2027","yes"
"2028","yes"
"2029","yes"
"2030","yes"
"2031","yes"
"2032","yes"
"2033","yes"
"2034","yes"
"2035","yes"
"2036","yes"
"2037","yes"
"2038","yes"
"2039","yes"
"2040","yes"
"2041","yes"
"2042","yes"
"2043","yes"
"2044","yes"
"2045","yes"
"2046","yes"
"2047","yes"
"2048","yes"
"2049","yes"
"2050","yes"
"2051","yes"
"2052","yes"
"2053","yes"
"2054","yes"
"2055","yes"
"2056","yes"
"2057","no"
"2058","yes"
"2059","yes"
"2060","yes"
"2061","yes"
"2062","yes"
"2063","yes"
"2064","yes"
"2065","yes"
"2066","yes"
"2067","yes"
"2068","yes"
"2069","yes"
"2070","no"
"2071","yes"
"2072","yes"
"2073","yes"
"2074","no"
"2075","yes"
"2076","yes"
"2077","no"
"2078","yes"
"2079","yes"
"2080","yes"
"2081","yes"
"2082","yes"
"2083","yes"
"2084","yes"
"2085","yes"
"2086","yes"
"2087","yes"
"2088","yes"
"2089","yes"
"2090","yes"
"2091","yes"
"2092","yes"
"2093","no"
"2094","no"
"2095","no"
"2096","no"
"2097","no"
"2098","no"
"2099","no"
"2100","no"
"2101","no"
"2102","no"
"2103","yes"
"2104","yes"
"2105","no"
"2106","yes"
"2107","yes"
"2108","yes"
"2109","no"
"2110","no"
"2111","yes"
"2112","no"
"2113","no"
"2114","no"
"2115","no"
"2116","no"
"2117","yes"
"2118","no"
"2119","no"
"2120","no"
"2121","no"
"2122","no"
"2123","no"
"2124","no"
"2125","yes"
"2126","yes"
"2127","no"
"2128","yes"
"2129","yes"
"2130","yes"
"2131","no"
"2132","yes"
"2133","no"
"2134","yes"
"2135","yes"
"2136","yes"
"2137","yes"
"2138","yes"
"2139","no"
"2140","yes"
"2141","yes"
"2142","no"
"2143","yes"
"2144","yes"
"2145","no"
"2146","no"
"2147","no"
"2148","no"
"2149","no"
"2150","no"
"2151","no"
"2152","yes"
"2153","yes"
"2154","yes"
"2155","yes"
"2156","yes"
"2157","no"
"2158","no"
"2159","yes"
"2160","no"
"2161","no"
"2162","yes"
"2163","yes"
"2164","no"
"2165","yes"
"2166","no"
"2167","yes"
"2168","yes"
"2169","yes"
"2170","yes"
"2171","yes"
"2172","yes"
"2173","no"
"2174","yes"
"2175","no"
"2176","yes"
"2177","no"
"2178","yes"
"2179","no"
"2180","no"
"2181","yes"
"2182","no"
"2183","no"
"2184","yes"
"2185","no"
"2186","yes"
"2187","yes"
"2188","yes"
"2189","no"
"2190","yes"
"2191","no"
"2192","no"
"2193","yes"
"2194","yes"
"2195","no"
"2196","no"
"2197","yes"
"2198","yes"
"2199","no"
"2200","yes"
"2201","yes"
"2202","no"
"2203","no"
"2204","no"
"2205","yes"
"2206","no"
"2207","no"
"2208","yes"
"2209","no"
"2210","yes"
"2211","no"
"2212","no"
"2213","yes"
"2214","yes"
"2215","no"
"2216","no"
"2217","yes"
"2218","no"
"2219","no"
"2220","no"
"2221","yes"
"2222","yes"
"2223","no"
"2224","no"
"2225","yes"
"2226","yes"
"2227","yes"
"2228","no"
"2229","no"
"2230","no"
"2231","no"
"2232","no"
"2233","no"
"2234","no"
"2235","no"
"2236","no"
"2237","yes"
"2238","yes"
"2239","yes"
"2240","no"
"2241","no"
"2242","no"
"2243","no"
"2244","yes"
"2245","no"
"2246","no"
"2247","no"
"2248","no"
"2249","no"
"2250","yes"
"2251","no"
"2252","yes"
"2253","yes"
"2254","no"
"2255","yes"
"2256","yes"
"2257","yes"
"2258","yes"
"2259","no"
"2260","yes"
"2261","no"
"2262","yes"
"2263","no"
"2264","no"
"2265","yes"
"2266","no"
"2267","no"
"2268","yes"
"2269","yes"
"2270","no"
"2271","no"
"2272","no"
"2273","no"
"2274","yes"
"2275","yes"
"2276","yes"
"2277","yes"
"2278","no"
"2279","yes"
"2280","yes"
"2281","yes"
"2282","yes"
"2283","yes"
"2284","yes"
"2285","yes"
"2286","no"
"2287","no"
"2288","no"
"2289","no"
"2290","no"
"2291","no"
"2292","no"
"2293","yes"
"2294","no"
"2295","yes"
"2296","no"
"2297","no"
"2298","yes"
"2299","no"
"2300","no"
"2301","no"
"2302","yes"
"2303","no"
"2304","yes"
"2305","no"
"2306","no"
"2307","no"
"2308","no"
"2309","yes"
"2310","yes"
"2311","no"
"2312","yes"
"2313","no"
"2314","yes"
"2315","yes"
"2316","no"
"2317","no"
"2318","yes"
"2319","yes"
"2320","no"
"2321","no"
"2322","no"
"2323","yes"
"2324","no"
"2325","yes"
"2326","no"
"2327","yes"
"2328","yes"
"2329","no"
"2330","no"
"2331","yes"
"2332","no"
"2333","yes"
"2334","yes"
"2335","no"
"2336","no"
"2337","yes"
"2338","yes"
"2339","yes"
"2340","no"
"2341","no"
"2342","yes"
"2343","no"
"2344","no"
"2345","no"
"2346","no"
"2347","yes"
"2348","yes"
"2349","no"
"2350","yes"
"2351","yes"
"2352","no"
"2353","no"
"2354","yes"
"2355","yes"
"2356","no"
"2357","yes"
"2358","no"
"2359","no"
"2360","yes"
"2361","yes"
"2362","yes"
"2363","yes"
"2364","yes"
"2365","no"
"2366","yes"
"2367","no"
"2368","no"
"2369","yes"
"2370","yes"
"2371","yes"
"2372","no"
"2373","no"
"2374","no"
"2375","no"
"2376","no"
"2377","no"
"2378","yes"
"2379","yes"
"2380","yes"
"2381","yes"
"2382","yes"
"2383","yes"
"2384","no"
"2385","no"
"2386","yes"
"2387","yes"
"2388","no"
"2389","no"
"2390","no"
"2391","yes"
"2392","yes"
"2393","yes"
"2394","yes"
"2395","yes"
"2396","no"
"2397","no"
"2398","no"
"2399","yes"
"2400","yes"
"2401","no"
"2402","yes"
"2403","yes"
"2404","yes"
"2405","no"
"2406","yes"
"2407","yes"
"2408","yes"
"2409","yes"
"2410","yes"
"2411","yes"
"2412","no"
"2413","yes"
"2414","yes"
"2415","no"
"2416","no"
"2417","no"
"2418","yes"
"2419","yes"
"2420","yes"
"2421","yes"
"2422","no"
"2423","yes"
"2424","yes"
"2425","no"
"2426","no"
"2427","yes"
"2428","no"
"2429","no"
"2430","yes"
"2431","yes"
"2432","yes"
"2433","yes"
"2434","no"
"2435","yes"
"2436","yes"
"2437","yes"
"2438","yes"
"2439","yes"
"2440","yes"
"2441","no"
"2442","no"
"2443","yes"
"2444","yes"
"2445","yes"
"2446","yes"
"2447","no"
"2448","yes"
"2449","yes"
"2450","no"
"2451","yes"
"2452","yes"
"2453","no"
"2454","no"
"2455","yes"
"2456","no"
"2457","yes"
"2458","yes"
"2459","yes"
"2460","yes"
"2461","yes"
"2462","yes"
"2463","no"
"2464","no"
"2465","no"
"2466","no"
"2467","yes"
"2468","yes"
"2469","yes"
"2470","yes"
"2471","no"
"2472","yes"
"2473","yes"
"2474","yes"
"2475","no"
"2476","yes"
"2477","yes"
"2478","yes"
"2479","yes"
"2480","yes"
"2481","yes"
"2482","no"
"2483","no"
"2484","no"
"2485","yes"
"2486","yes"
"2487","no"
"2488","no"
"2489","no"
"2490","yes"
"2491","yes"
"2492","no"
"2493","yes"
"2494","yes"
"2495","yes"
"2496","yes"
"2497","no"
"2498","no"
"2499","yes"
"2500","no"
"2501","no"
"2502","yes"
"2503","yes"
"2504","yes"
"2505","no"
"2506","no"
"2507","yes"
"2508","no"
"2509","no"
"2510","yes"
"2511","yes"
"2512","yes"
"2513","no"
"2514","no"
"2515","yes"
"2516","yes"
"2517","no"
"2518","no"
"2519","yes"
"2520","yes"
"2521","no"
"2522","yes"
"2523","yes"
"2524","yes"
"2525","no"
"2526","yes"
"2527","no"
"2528","no"
"2529","yes"
"2530","no"
"2531","yes"
"2532","yes"
"2533","yes"
"2534","yes"
"2535","no"
"2536","no"
"2537","no"
"2538","yes"
"2539","yes"
"2540","no"
"2541","yes"
"2542","yes"
"2543","yes"
"2544","yes"
"2545","yes"
"2546","no"
"2547","yes"
"2548","no"
"2549","no"
"2550","yes"
"2551","yes"
"2552","no"
"2553","yes"
"2554","yes"
"2555","no"
"2556","no"
"2557","yes"
"2558","yes"
"2559","yes"
"2560","no"
"2561","no"
"2562","yes"
"2563","no"
"2564","yes"
"2565","yes"
"2566","yes"
"2567","yes"
"2568","no"
"2569","yes"
"2570","no"
"2571","yes"
"2572","yes"
"2573","yes"
"2574","no"
"2575","yes"
"2576","no"
"2577","yes"
"2578","yes"
"2579","yes"
"2580","yes"
"2581","yes"
"2582","yes"
"2583","no"
"2584","yes"
"2585","no"
"2586","no"
"2587","yes"
"2588","no"
"2589","no"
"2590","yes"
"2591","no"
"2592","no"
"2593","no"
"2594","no"
"2595","no"
"2596","no"
"2597","no"
"2598","no"
"2599","no"
"2600","yes"
"2601","no"
"2602","no"
"2603","yes"
"2604","no"
"2605","no"
"2606","no"
"2607","yes"
"2608","no"
"2609","no"
"2610","no"
"2611","no"
"2612","no"
"2613","yes"
"2614","no"
"2615","no"
"2616","no"
"2617","no"
"2618","no"
"2619","no"
"2620","yes"
"2621","yes"
"2622","yes"
"2623","yes"
"2624","yes"
"2625","no"
"2626","yes"
"2627","no"
"2628","no"
"2629","yes"
"2630","yes"
"2631","yes"
"2632","no"
"2633","no"
"2634","yes"
"2635","no"
"2636","no"
"2637","no"
"2638","no"
"2639","no"
"2640","no"
"2641","yes"
"2642","no"
"2643","yes"
"2644","no"
"2645","no"
"2646","no"
"2647","no"
"2648","no"
"2649","no"
"2650","yes"
"2651","no"
"2652","no"
"2653","no"
"2654","no"
"2655","no"
"2656","yes"
"2657","no"
"2658","yes"
"2659","no"
"2660","no"
"2661","no"
"2662","yes"
"2663","yes"
"2664","yes"
"2665","no"
"2666","no"
"2667","no"
"2668","yes"
"2669","yes"
"2670","no"
"2671","yes"
"2672","no"
"2673","yes"
"2674","yes"
"2675","no"
"2676","yes"
"2677","no"
"2678","yes"
"2679","yes"
"2680","no"
"2681","yes"
"2682","yes"
"2683","yes"
"2684","no"
"2685","no"
"2686","no"
"2687","no"
"2688","yes"
"2689","no"
"2690","yes"
"2691","no"
"2692","no"
"2693","yes"
"2694","no"
"2695","yes"
"2696","no"
"2697","no"
"2698","no"
"2699","no"
"2700","yes"
"2701","yes"
"2702","yes"
"2703","yes"
"2704","no"
"2705","no"
"2706","no"
"2707","no"
"2708","no"
"2709","no"
"2710","yes"
"2711","no"
"2712","no"
"2713","no"
"2714","no"
"2715","no"
"2716","no"
"2717","yes"
"2718","no"
"2719","no"
"2720","no"
"2721","no"
"2722","no"
"2723","yes"
"2724","yes"
"2725","no"
"2726","no"
"2727","no"
"2728","no"
"2729","no"
"2730","yes"
"2731","no"
"2732","no"
"2733","yes"
"2734","no"
"2735","no"
"2736","no"
"2737","yes"
"2738","no"
"2739","yes"
"2740","no"
"2741","no"
"2742","no"
"2743","no"
"2744","no"
"2745","no"
"2746","no"
"2747","no"
"2748","no"
"2749","no"
"2750","no"
"2751","no"
"2752","no"
"2753","no"
"2754","yes"
"2755","no"
"2756","yes"
"2757","no"
"2758","no"
"2759","no"
"2760","no"
"2761","no"
"2762","no"
"2763","yes"
"2764","no"
"2765","yes"
"2766","yes"
"2767","no"
"2768","no"
"2769","no"
"2770","no"
"2771","no"
"2772","no"
"2773","no"
"2774","no"
"2775","yes"
"2776","no"
"2777","no"
"2778","no"
"2779","no"
"2780","no"
"2781","no"
"2782","no"
"2783","no"
"2784","no"
"2785","no"
"2786","no"
"2787","no"
"2788","no"
"2789","no"
"2790","yes"
"2791","no"
"2792","no"
"2793","no"
"2794","no"
"2795","no"
"2796","no"
"2797","no"
"2798","no"
"2799","no"
"2800","no"
"2801","no"
"2802","no"
"2803","no"
"2804","no"
"2805","no"
"2806","no"
"2807","yes"
"2808","no"
"2809","no"
"2810","yes"
"2811","no"
"2812","no"
"2813","no"
"2814","no"
"2815","no"
"2816","no"
"2817","no"
"2818","yes"
"2819","no"
"2820","yes"
"2821","yes"
"2822","yes"
"2823","no"
"2824","yes"
"2825","yes"
"2826","yes"
"2827","yes"
"2828","yes"
"2829","no"
"2830","yes"
"2831","no"
"2832","yes"
"2833","yes"
"2834","yes"
"2835","yes"
"2836","no"
"2837","yes"
"2838","no"
"2839","yes"
"2840","yes"
"2841","yes"
"2842","no"
"2843","yes"
"2844","yes"
"2845","no"
"2846","yes"
"2847","no"
"2848","yes"
"2849","yes"
"2850","no"
"2851","yes"
"2852","no"
"2853","yes"
"2854","yes"
"2855","no"
"2856","no"
"2857","no"
"2858","yes"
"2859","yes"
"2860","yes"
"2861","yes"
"2862","yes"
"2863","yes"
"2864","yes"
"2865","yes"
"2866","yes"
"2867","yes"
"2868","yes"
"2869","yes"
"2870","yes"
"2871","yes"
"2872","yes"
"2873","yes"
"2874","yes"
"2875","no"
"2876","yes"
"2877","yes"
"2878","no"
"2879","yes"
"2880","yes"
"2881","yes"
"2882","yes"
"2883","yes"
"2884","no"
"2885","yes"
"2886","yes"
"2887","no"
"2888","yes"
"2889","yes"
"2890","no"
"2891","yes"
"2892","no"
"2893","yes"
"2894","no"
"2895","yes"
"2896","no"
"2897","yes"
"2898","yes"
"2899","no"
"2900","yes"
"2901","yes"
"2902","no"
"2903","yes"
"2904","yes"
"2905","yes"
"2906","no"
"2907","yes"
"2908","no"
"2909","yes"
"2910","no"
"2911","yes"
"2912","yes"
"2913","yes"
"2914","yes"
"2915","yes"
"2916","no"
"2917","yes"
"2918","yes"
"2919","yes"
"2920","no"
"2921","yes"
"2922","yes"
"2923","yes"
"2924","yes"
"2925","yes"
"2926","yes"
"2927","yes"
"2928","yes"
"2929","no"
"2930","no"
"2931","no"
"2932","yes"
"2933","yes"
"2934","no"
"2935","yes"
"2936","yes"
"2937","yes"
"2938","yes"
"2939","yes"
"2940","no"
"2941","yes"
"2942","yes"
"2943","yes"
"2944","no"
"2945","no"
"2946","yes"
"2947","yes"
"2948","no"
"2949","no"
"2950","yes"
"2951","yes"
"2952","no"
"2953","yes"
"2954","yes"
"2955","yes"
"2956","yes"
"2957","yes"
"2958","yes"
"2959","no"
"2960","no"
"2961","no"
"2962","no"
"2963","yes"
"2964","yes"
"2965","yes"
"2966","yes"
"2967","yes"
"2968","yes"
"2969","no"
"2970","yes"
"2971","no"
"2972","yes"
"2973","no"
"2974","yes"
"2975","yes"
"2976","no"
"2977","no"
"2978","yes"
"2979","yes"
"2980","yes"
"2981","yes"
"2982","yes"
"2983","yes"
"2984","no"
"2985","no"
"2986","yes"
"2987","yes"
"2988","yes"
"2989","yes"
"2990","yes"
"2991","no"
"2992","yes"
"2993","yes"
"2994","yes"
"2995","yes"
"2996","yes"
"2997","no"
"2998","yes"
"2999","yes"
"3000","yes"
"3001","yes"
"3002","yes"
"3003","yes"
"3004","yes"
"3005","yes"
"3006","no"
"3007","yes"
"3008","yes"
"3009","yes"
"3010","yes"
"3011","yes"
"3012","yes"
"3013","yes"
"3014","yes"
"3015","yes"
"3016","yes"
"3017","yes"
"3018","no"
"3019","yes"
"3020","yes"
"3021","yes"
"3022","yes"
"3023","yes"
"3024","yes"
"3025","yes"
"3026","yes"
"3027","no"
"3028","yes"
"3029","yes"
"3030","yes"
"3031","yes"
"3032","yes"
"3033","yes"
"3034","yes"
"3035","no"
"3036","no"
"3037","yes"
"3038","no"
"3039","yes"
"3040","yes"
"3041","yes"
"3042","no"
"3043","yes"
"3044","yes"
"3045","no"
"3046","yes"
"3047","yes"
"3048","yes"
"3049","no"
"3050","yes"
"3051","yes"
"3052","yes"
"3053","yes"
"3054","yes"
"3055","yes"
"3056","no"
"3057","yes"
"3058","yes"
"3059","no"
"3060","yes"
"3061","yes"
"3062","yes"
"3063","no"
"3064","yes"
"3065","yes"
"3066","yes"
"3067","yes"
"3068","yes"
"3069","yes"
"3070","no"
"3071","no"
"3072","no"
"3073","yes"
"3074","yes"
"3075","yes"
"3076","yes"
"3077","yes"
"3078","yes"
"3079","yes"
"3080","yes"
"3081","yes"
"3082","yes"
"3083","no"
"3084","yes"
"3085","yes"
"3086","yes"
"3087","yes"
"3088","yes"
"3089","yes"
"3090","yes"
"3091","no"
"3092","yes"
"3093","yes"
"3094","yes"
"3095","yes"
"3096","yes"
"3097","yes"
"3098","yes"
"3099","yes"
"3100","yes"
"3101","no"
"3102","yes"
"3103","yes"
"3104","yes"
"3105","yes"
"3106","yes"
"3107","no"
"3108","no"
"3109","yes"
"3110","no"
"3111","no"
"3112","yes"
"3113","yes"
"3114","yes"
"3115","no"
"3116","no"
"3117","yes"
"3118","no"
"3119","yes"
"3120","no"
"3121","yes"
"3122","yes"
"3123","yes"
"3124","no"
"3125","no"
"3126","yes"
"3127","yes"
"3128","yes"
"3129","yes"
"3130","no"
"3131","yes"
"3132","yes"
"3133","no"
"3134","yes"
"3135","yes"
"3136","yes"
"3137","no"
"3138","yes"
"3139","yes"
"3140","yes"
"3141","no"
"3142","yes"
"3143","no"
"3144","yes"
"3145","yes"
"3146","yes"
"3147","yes"
"3148","yes"
"3149","yes"
"3150","yes"
"3151","no"
"3152","yes"
"3153","yes"
"3154","yes"
"3155","yes"
"3156","yes"
"3157","yes"
"3158","yes"
"3159","yes"
"3160","yes"
"3161","yes"
"3162","no"
"3163","yes"
"3164","yes"
"3165","yes"
"3166","yes"
"3167","yes"
"3168","no"
"3169","yes"
"3170","yes"
"3171","no"
"3172","no"
"3173","yes"
"3174","yes"
"3175","yes"
"3176","yes"
"3177","yes"
"3178","yes"
"3179","yes"
"3180","yes"
"3181","yes"
"3182","yes"
"3183","yes"
"3184","yes"
"3185","yes"
"3186","yes"
"3187","yes"
"3188","yes"
"3189","yes"
"3190","yes"
"3191","yes"
"3192","yes"
"3193","yes"
"3194","yes"
"3195","yes"
"3196","yes"
"3197","yes"
"3198","yes"
"3199","yes"
"3200","yes"
"3201","yes"
"3202","yes"
"3203","yes"
"3204","yes"
"3205","yes"
"3206","yes"
"3207","yes"
"3208","yes"
"3209","yes"
"3210","yes"
"3211","yes"
"3212","yes"
"3213","yes"
"3214","yes"
"3215","yes"
"3216","yes"
"3217","no"
"3218","yes"
"3219","yes"
"3220","yes"
"3221","yes"
"3222","yes"
"3223","yes"
"3224","yes"
"3225","yes"
"3226","yes"
"3227","yes"
"3228","yes"
"3229","yes"
"3230","yes"
"3231","yes"
"3232","yes"
"3233","yes"
"3234","yes"
"3235","yes"
"3236","yes"
"3237","yes"
"3238","yes"
"3239","yes"
"3240","yes"
"3241","yes"
"3242","yes"
"3243","yes"
"3244","yes"
"3245","yes"
"3246","yes"
"3247","yes"
"3248","yes"
"3249","yes"
"3250","yes"
"3251","yes"
"3252","yes"
"3253","yes"
"3254","yes"
"3255","yes"
"3256","yes"
"3257","yes"
"3258","yes"
"3259","yes"
"3260","yes"
"3261","yes"
"3262","yes"
"3263","yes"
"3264","yes"
"3265","yes"
"3266","yes"
"3267","yes"
"3268","yes"
"3269","yes"
"3270","no"
"3271","yes"
"3272","yes"
"3273","yes"
"3274","yes"
"3275","yes"
"3276","yes"
"3277","yes"
"3278","yes"
"3279","yes"
"3280","yes"
"3281","yes"
"3282","yes"
"3283","yes"
"3284","yes"
"3285","yes"
"3286","yes"
"3287","yes"
"3288","yes"
"3289","yes"
"3290","yes"
"3291","yes"
"3292","yes"
"3293","yes"
"3294","yes"
"3295","yes"
"3296","yes"
"3297","yes"
"3298","yes"
"3299","yes"
"3300","yes"
"3301","yes"
"3302","yes"
"3303","yes"
"3304","yes"
"3305","yes"
"3306","yes"
"3307","yes"
"3308","yes"
"3309","yes"
"3310","yes"
"3311","yes"
"3312","yes"
"3313","yes"
"3314","yes"
"3315","yes"
"3316","yes"
"3317","yes"
"3318","yes"
"3319","yes"
"3320","yes"
"3321","yes"
"3322","yes"
"3323","yes"
"3324","yes"
"3325","yes"
"3326","yes"
"3327","yes"
"3328","yes"
"3329","yes"
"3330","yes"
"3331","yes"
"3332","yes"
"3333","yes"
"3334","yes"
"3335","yes"
"3336","yes"
"3337","yes"
"3338","yes"
"3339","yes"
"3340","yes"
"3341","yes"
"3342","yes"
"3343","yes"
"3344","yes"
"3345","yes"
"3346","yes"
"3347","yes"
"3348","yes"
"3349","yes"
"3350","yes"
"3351","yes"
"3352","yes"
"3353","yes"
"3354","yes"
"3355","yes"
"3356","yes"
"3357","yes"
"3358","yes"
"3359","yes"
"3360","yes"
"3361","yes"
"3362","yes"
"3363","yes"
"3364","yes"
"3365","yes"
"3366","yes"
"3367","yes"
"3368","yes"
"3369","yes"
"3370","yes"
"3371","yes"
"3372","yes"
"3373","yes"
"3374","yes"
"3375","yes"
"3376","yes"
"3377","yes"
"3378","yes"
"3379","yes"
"3380","yes"
"3381","yes"
"3382","yes"
"3383","yes"
"3384","yes"
"3385","yes"
"3386","yes"
"3387","yes"
"3388","yes"
"3389","no"
"3390","no"
"3391","no"
"3392","yes"
"3393","yes"
"3394","yes"
"3395","no"
"3396","no"
"3397","yes"
"3398","yes"
"3399","no"
"3400","no"
"3401","yes"
"3402","yes"
"3403","yes"
"3404","yes"
"3405","no"
"3406","no"
"3407","no"
"3408","yes"
"3409","yes"
"3410","no"
"3411","yes"
"3412","yes"
"3413","yes"
"3414","no"
"3415","yes"
"3416","yes"
"3417","yes"
"3418","no"
"3419","no"
"3420","yes"
"3421","yes"
"3422","no"
"3423","yes"
"3424","no"
"3425","no"
"3426","no"
"3427","yes"
"3428","no"
"3429","no"
"3430","no"
"3431","yes"
"3432","yes"
"3433","yes"
"3434","yes"
"3435","yes"
"3436","no"
"3437","no"
"3438","no"
"3439","no"
"3440","no"
"3441","no"
"3442","yes"
"3443","yes"
"3444","no"
"3445","no"
"3446","no"
"3447","no"
"3448","yes"
"3449","no"
"3450","yes"
"3451","yes"
"3452","no"
"3453","no"
"3454","yes"
"3455","yes"
"3456","yes"
"3457","no"
"3458","no"
"3459","no"
"3460","yes"
"3461","no"
"3462","no"
"3463","yes"
"3464","yes"
"3465","no"
"3466","no"
"3467","yes"
"3468","no"
"3469","no"
"3470","yes"
"3471","yes"
"3472","yes"
"3473","no"
"3474","no"
"3475","no"
"3476","no"
"3477","yes"
"3478","yes"
"3479","yes"
"3480","no"
"3481","no"
"3482","yes"
"3483","no"
"3484","yes"
"3485","no"
"3486","yes"
"3487","yes"
"3488","no"
"3489","yes"
"3490","yes"
"3491","no"
"3492","no"
"3493","no"
"3494","no"
"3495","yes"
"3496","no"
"3497","no"
"3498","yes"
"3499","no"
"3500","no"
"3501","yes"
"3502","no"
"3503","yes"
"3504","yes"
"3505","no"
"3506","no"
"3507","yes"
"3508","no"
"3509","yes"
"3510","yes"
"3511","yes"
"3512","yes"
"3513","yes"
"3514","yes"
"3515","yes"
"3516","yes"
"3517","yes"
"3518","no"
"3519","no"
"3520","yes"
"3521","yes"
"3522","no"
"3523","no"
"3524","yes"
"3525","no"
"3526","yes"
"3527","yes"
"3528","yes"
"3529","yes"
"3530","no"
"3531","yes"
"3532","yes"
"3533","no"
"3534","no"
"3535","yes"
"3536","yes"
"3537","no"
"3538","yes"
"3539","no"
"3540","yes"
"3541","no"
"3542","no"
"3543","no"
"3544","yes"
"3545","no"
"3546","yes"
"3547","yes"
"3548","no"
"3549","yes"
"3550","no"
"3551","no"
"3552","yes"
"3553","no"
"3554","yes"
"3555","no"
"3556","no"
"3557","no"
"3558","no"
"3559","yes"
"3560","yes"
"3561","yes"
"3562","no"
"3563","yes"
"3564","yes"
"3565","yes"
"3566","no"
"3567","no"
"3568","no"
"3569","yes"
"3570","yes"
"3571","yes"
"3572","yes"
"3573","yes"
"3574","yes"
"3575","yes"
"3576","yes"
"3577","yes"
"3578","yes"
"3579","yes"
"3580","no"
"3581","no"
"3582","no"
"3583","yes"
"3584","no"
"3585","yes"
"3586","yes"
"3587","yes"
"3588","yes"
"3589","yes"
"3590","no"
"3591","yes"
"3592","no"
"3593","yes"
"3594","yes"
"3595","yes"
"3596","yes"
"3597","yes"
"3598","no"
"3599","yes"
"3600","yes"
"3601","no"
"3602","yes"
"3603","yes"
"3604","no"
"3605","yes"
"3606","no"
"3607","no"
"3608","no"
"3609","yes"
"3610","yes"
"3611","no"
"3612","no"
"3613","yes"
"3614","yes"
"3615","yes"
"3616","no"
"3617","no"
"3618","yes"
"3619","yes"
"3620","yes"
"3621","no"
"3622","yes"
"3623","no"
"3624","yes"
"3625","no"
"3626","yes"
"3627","yes"
"3628","no"
"3629","no"
"3630","yes"
"3631","no"
"3632","no"
"3633","no"
"3634","no"
"3635","yes"
"3636","no"
"3637","yes"
"3638","no"
"3639","no"
"3640","no"
"3641","no"
"3642","yes"
"3643","no"
"3644","yes"
"3645","no"
"3646","no"
"3647","yes"
"3648","no"
"3649","no"
"3650","no"
"3651","yes"
"3652","yes"
"3653","yes"
"3654","no"
"3655","yes"
"3656","no"
"3657","no"
"3658","yes"
"3659","yes"
"3660","no"
"3661","no"
"3662","no"
"3663","yes"
"3664","yes"
"3665","no"
"3666","no"
"3667","no"
"3668","no"
"3669","yes"
"3670","yes"
"3671","yes"
"3672","yes"
"3673","yes"
"3674","yes"
"3675","yes"
"3676","yes"
"3677","yes"
"3678","no"
"3679","yes"
"3680","yes"
"3681","no"
"3682","yes"
"3683","yes"
"3684","yes"
"3685","yes"
"3686","yes"
"3687","yes"
"3688","yes"
"3689","no"
"3690","yes"
"3691","yes"
"3692","no"
"3693","no"
"3694","yes"
"3695","yes"
"3696","yes"
"3697","yes"
"3698","yes"
"3699","no"
"3700","no"
"3701","no"
"3702","yes"
"3703","yes"
"3704","yes"
"3705","yes"
"3706","yes"
"3707","yes"
"3708","yes"
"3709","yes"
"3710","yes"
"3711","yes"
"3712","yes"
"3713","yes"
"3714","yes"
"3715","no"
"3716","no"
"3717","no"
"3718","no"
"3719","yes"
"3720","yes"
"3721","yes"
"3722","yes"
"3723","yes"
"3724","no"
"3725","yes"
"3726","yes"
"3727","no"
"3728","no"
"3729","no"
"3730","yes"
"3731","yes"
"3732","yes"
"3733","yes"
"3734","yes"
"3735","no"
"3736","yes"
"3737","yes"
"3738","no"
"3739","yes"
"3740","no"
"3741","yes"
"3742","no"
"3743","no"
"3744","yes"
"3745","yes"
"3746","yes"
"3747","yes"
"3748","no"
"3749","no"
"3750","yes"
"3751","yes"
"3752","yes"
"3753","no"
"3754","no"
"3755","yes"
"3756","no"
"3757","no"
"3758","yes"
"3759","no"
"3760","yes"
"3761","no"
"3762","yes"
"3763","yes"
"3764","yes"
"3765","yes"
"3766","no"
"3767","yes"
"3768","no"
"3769","no"
"3770","yes"
"3771","yes"
"3772","yes"
"3773","no"
"3774","no"
"3775","yes"
"3776","no"
"3777","yes"
"3778","no"
"3779","no"
"3780","no"
"3781","yes"
"3782","no"
"3783","no"
"3784","yes"
"3785","yes"
"3786","yes"
"3787","yes"
"3788","yes"
"3789","yes"
"3790","no"
"3791","yes"
"3792","yes"
"3793","yes"
"3794","no"
"3795","no"
"3796","yes"
"3797","no"
"3798","yes"
"3799","yes"
"3800","yes"
"3801","yes"
"3802","no"
"3803","yes"
"3804","no"
"3805","no"
"3806","yes"
"3807","yes"
"3808","yes"
"3809","no"
"3810","no"
"3811","yes"
"3812","yes"
"3813","no"
"3814","no"
"3815","no"
"3816","yes"
"3817","yes"
"3818","yes"
"3819","yes"
"3820","no"
"3821","no"
"3822","yes"
"3823","yes"
"3824","no"
"3825","yes"
"3826","no"
"3827","yes"
"3828","yes"
"3829","yes"
"3830","no"
"3831","no"
"3832","yes"
"3833","no"
"3834","yes"
"3835","yes"
"3836","no"
"3837","no"
"3838","yes"
"3839","yes"
"3840","yes"
"3841","yes"
"3842","no"
"3843","no"
"3844","yes"
"3845","no"
"3846","yes"
"3847","yes"
"3848","no"
"3849","no"
"3850","no"
"3851","yes"
"3852","yes"
"3853","no"
"3854","no"
"3855","no"
"3856","no"
"3857","no"
"3858","no"
"3859","yes"
"3860","yes"
"3861","yes"
"3862","yes"
"3863","yes"
"3864","yes"
"3865","no"
"3866","no"
"3867","no"
"3868","yes"
"3869","yes"
"3870","no"
"3871","no"
"3872","no"
"3873","no"
"3874","yes"
"3875","no"
"3876","no"
"3877","yes"
"3878","no"
"3879","no"
"3880","yes"
"3881","yes"
"3882","yes"
"3883","no"
"3884","no"
"3885","no"
"3886","no"
"3887","no"
"3888","yes"
"3889","yes"
"3890","yes"
"3891","no"
"3892","yes"
"3893","yes"
"3894","yes"
"3895","no"
"3896","yes"
"3897","yes"
"3898","yes"
"3899","yes"
"3900","no"
"3901","yes"
"3902","yes"
"3903","yes"
"3904","no"
"3905","yes"
"3906","yes"
"3907","no"
"3908","yes"
"3909","yes"
"3910","yes"
"3911","yes"
"3912","yes"
"3913","yes"
"3914","yes"
"3915","yes"
"3916","yes"
"3917","no"
"3918","no"
"3919","no"
"3920","yes"
"3921","no"
"3922","no"
"3923","yes"
"3924","yes"
"3925","yes"
"3926","yes"
"3927","no"
"3928","no"
"3929","yes"
"3930","no"
"3931","no"
"3932","yes"
"3933","yes"
"3934","no"
"3935","no"
"3936","yes"
"3937","yes"
"3938","yes"
"3939","no"
"3940","yes"
"3941","yes"
"3942","yes"
"3943","no"
"3944","yes"
"3945","yes"
"3946","yes"
"3947","yes"
"3948","yes"
"3949","no"
"3950","yes"
"3951","yes"
"3952","no"
"3953","no"
"3954","yes"
"3955","no"
"3956","yes"
"3957","no"
"3958","no"
"3959","no"
"3960","no"
"3961","yes"
"3962","yes"
"3963","no"
"3964","yes"
"3965","yes"
"3966","yes"
"3967","yes"
"3968","yes"
"3969","no"
"3970","yes"
"3971","yes"
"3972","yes"
"3973","yes"
"3974","yes"
"3975","yes"
"3976","yes"
"3977","no"
"3978","no"
"3979","no"
"3980","no"
"3981","yes"
"3982","no"
"3983","no"
"3984","no"
"3985","no"
"3986","no"
"3987","no"
"3988","no"
"3989","no"
"3990","yes"
"3991","no"
"3992","no"
"3993","yes"
"3994","yes"
"3995","no"
"3996","yes"
"3997","yes"
"3998","no"
"3999","no"
"4000","no"
"4001","no"
"4002","no"
"4003","no"
"4004","yes"
"4005","no"
"4006","no"
"4007","no"
"4008","no"
"4009","yes"
"4010","yes"
"4011","yes"
"4012","no"
"4013","yes"
"4014","yes"
"4015","yes"
"4016","yes"
"4017","no"
"4018","yes"
"4019","yes"
"4020","no"
"4021","yes"
"4022","no"
"4023","yes"
"4024","no"
"4025","no"
"4026","yes"
"4027","yes"
"4028","yes"
"4029","yes"
"4030","no"
"4031","no"
"4032","yes"
"4033","no"
"4034","no"
"4035","yes"
"4036","no"
"4037","no"
"4038","no"
"4039","yes"
"4040","yes"
"4041","no"
"4042","no"
"4043","no"
"4044","no"
"4045","no"
"4046","no"
"4047","yes"
"4048","no"
"4049","yes"
"4050","no"
"4051","yes"
"4052","no"
"4053","no"
"4054","no"
"4055","no"
"4056","yes"
"4057","yes"
"4058","no"
"4059","no"
"4060","yes"
"4061","no"
"4062","no"
"4063","yes"
"4064","no"
"4065","yes"
"4066","yes"
"4067","yes"
"4068","no"
"4069","no"
"4070","yes"
"4071","no"
"4072","yes"
"4073","no"
"4074","no"
"4075","no"
"4076","no"
"4077","no"
"4078","no"
"4079","no"
"4080","yes"
"4081","no"
"4082","yes"
"4083","yes"
"4084","no"
"4085","yes"
"4086","no"
"4087","yes"
"4088","yes"
"4089","no"
"4090","yes"
"4091","no"
"4092","yes"
"4093","yes"
"4094","yes"
"4095","yes"
"4096","no"
"4097","no"
"4098","yes"
"4099","no"
"4100","no"
"4101","yes"
"4102","yes"
"4103","yes"
"4104","no"
"4105","yes"
"4106","yes"
"4107","yes"
"4108","yes"
"4109","no"
"4110","yes"
"4111","no"
"4112","no"
"4113","no"
"4114","yes"
"4115","yes"
"4116","no"
"4117","yes"
"4118","yes"
"4119","no"
"4120","yes"
"4121","no"
"4122","no"
"4123","no"
"4124","no"
"4125","no"
"4126","no"
"4127","yes"
"4128","yes"
"4129","no"
"4130","no"
"4131","no"
"4132","yes"
"4133","no"
"4134","yes"
"4135","no"
"4136","yes"
"4137","no"
"4138","yes"
"4139","yes"
"4140","no"
"4141","no"
"4142","no"
"4143","no"
"4144","yes"
"4145","yes"
"4146","yes"
"4147","no"
"4148","no"
"4149","yes"
"4150","yes"
"4151","yes"
"4152","yes"
"4153","yes"
"4154","no"
"4155","yes"
"4156","yes"
"4157","yes"
"4158","yes"
"4159","yes"
"4160","no"
"4161","no"
"4162","yes"
"4163","yes"
"4164","no"
"4165","yes"
"4166","no"
"4167","yes"
"4168","no"
"4169","yes"
"4170","yes"
"4171","yes"
"4172","no"
"4173","yes"
"4174","no"
"4175","yes"
"4176","yes"
"4177","no"
"4178","yes"
"4179","no"
"4180","yes"
"4181","no"
"4182","no"
"4183","no"
"4184","no"
"4185","yes"
"4186","yes"
"4187","yes"
"4188","yes"
"4189","yes"
"4190","no"
"4191","yes"
"4192","yes"
"4193","yes"
"4194","no"
"4195","no"
"4196","no"
"4197","yes"
"4198","yes"
"4199","yes"
"4200","yes"
"4201","yes"
"4202","no"
"4203","no"
"4204","yes"
"4205","yes"
"4206","no"
"4207","yes"
"4208","yes"
"4209","yes"
"4210","no"
"4211","yes"
"4212","no"
"4213","yes"
"4214","yes"
"4215","yes"
"4216","no"
"4217","no"
"4218","no"
"4219","yes"
"4220","yes"
"4221","no"
"4222","no"
"4223","no"
"4224","no"
"4225","yes"
"4226","yes"
"4227","no"
"4228","yes"
"4229","no"
"4230","no"
"4231","yes"
"4232","yes"
"4233","no"
"4234","no"
"4235","no"
"4236","no"
"4237","no"
"4238","no"
"4239","yes"
"4240","no"
"4241","yes"
"4242","no"
"4243","no"
"4244","no"
"4245","yes"
"4246","no"
"4247","yes"
"4248","yes"
"4249","no"
"4250","yes"
"4251","no"
"4252","yes"
"4253","yes"
"4254","yes"
"4255","yes"
"4256","no"
"4257","yes"
"4258","no"
"4259","no"
"4260","no"
"4261","no"
"4262","yes"
"4263","yes"
"4264","no"
"4265","yes"
"4266","yes"
"4267","yes"
"4268","no"
"4269","yes"
"4270","no"
"4271","no"
"4272","no"
"4273","no"
"4274","no"
"4275","yes"
"4276","no"
"4277","no"
"4278","no"
"4279","yes"
"4280","yes"
"4281","no"
"4282","no"
"4283","no"
"4284","no"
"4285","no"
"4286","yes"
"4287","yes"
"4288","no"
"4289","yes"
"4290","no"
"4291","yes"
"4292","yes"
"4293","no"
"4294","no"
"4295","yes"
"4296","yes"
"4297","yes"
"4298","yes"
"4299","no"
"4300","yes"
"4301","no"
"4302","no"
"4303","no"
"4304","no"
"4305","yes"
"4306","no"
"4307","yes"
"4308","no"
"4309","yes"
"4310","yes"
"4311","yes"
"4312","yes"
"4313","yes"
"4314","no"
"4315","yes"
"4316","yes"
"4317","yes"
"4318","yes"
"4319","no"
"4320","no"
"4321","yes"
"4322","no"
"4323","yes"
"4324","no"
"4325","no"
"4326","yes"
"4327","yes"
"4328","no"
"4329","yes"
"4330","no"
"4331","yes"
"4332","no"
"4333","yes"
"4334","yes"
"4335","no"
"4336","yes"
"4337","no"
"4338","yes"
"4339","yes"
"4340","yes"
"4341","no"
"4342","no"
"4343","no"
"4344","no"
"4345","no"
"4346","yes"
"4347","no"
"4348","no"
"4349","yes"
"4350","yes"
"4351","yes"
"4352","yes"
"4353","no"
"4354","no"
"4355","no"
"4356","yes"
"4357","yes"
"4358","no"
"4359","no"
"4360","yes"
"4361","no"
"4362","yes"
"4363","no"
"4364","yes"
"4365","yes"
"4366","no"
"4367","no"
"4368","yes"
"4369","no"
"4370","no"
"4371","no"
"4372","yes"
"4373","no"
"4374","no"
"4375","no"
"4376","yes"
"4377","yes"
"4378","no"
"4379","no"
"4380","no"
"4381","no"
"4382","yes"
"4383","no"
"4384","yes"
"4385","no"
"4386","yes"
"4387","yes"
"4388","no"
"4389","no"
"4390","no"
"4391","yes"
"4392","no"
"4393","no"
"4394","no"
"4395","yes"
"4396","yes"
"4397","yes"
"4398","no"
"4399","yes"
"4400","yes"
"4401","yes"
"4402","yes"
"4403","yes"
"4404","no"
"4405","no"
"4406","yes"
"4407","yes"
"4408","no"
"4409","no"
"4410","no"
"4411","no"
"4412","no"
"4413","no"
"4414","yes"
"4415","no"
"4416","no"
"4417","no"
"4418","yes"
"4419","no"
"4420","yes"
"4421","no"
"4422","no"
"4423","no"
"4424","yes"
"4425","no"
"4426","yes"
"4427","yes"
"4428","no"
"4429","no"
"4430","no"
"4431","yes"
"4432","no"
"4433","no"
"4434","yes"
"4435","no"
"4436","yes"
"4437","yes"
"4438","no"
"4439","no"
"4440","no"
"4441","yes"
"4442","yes"
"4443","no"
"4444","no"
"4445","yes"
"4446","no"
"4447","no"
"4448","yes"
"4449","no"
"4450","no"
"4451","no"
"4452","no"
"4453","no"
"4454","no"
"4455","yes"
"4456","yes"
"4457","yes"
"4458","no"
"4459","no"
"4460","yes"
"4461","yes"
"4462","yes"
"4463","no"
"4464","no"
"4465","no"
"4466","yes"
"4467","no"
"4468","no"
"4469","yes"
"4470","no"
"4471","no"
"4472","yes"
"4473","yes"
"4474","yes"
"4475","no"
"4476","no"
"4477","no"
"4478","no"
"4479","no"
"4480","yes"
"4481","no"
"4482","no"
"4483","no"
"4484","no"
"4485","no"
"4486","yes"
"4487","no"
"4488","no"
"4489","no"
"4490","no"
"4491","no"
"4492","yes"
"4493","no"
"4494","yes"
"4495","yes"
"4496","yes"
"4497","yes"
"4498","yes"
"4499","no"
"4500","yes"
"4501","yes"
"4502","no"
"4503","no"
"4504","yes"
"4505","no"
"4506","yes"
"4507","no"
"4508","no"
"4509","no"
"4510","yes"
"4511","no"
"4512","yes"
"4513","yes"
"4514","no"
"4515","yes"
"4516","yes"
"4517","yes"
"4518","yes"
"4519","yes"
"4520","yes"
"4521","yes"
"4522","no"
"4523","yes"
"4524","yes"
"4525","no"
"4526","no"
"4527","no"
"4528","no"
"4529","no"
"4530","no"
"4531","no"
"4532","no"
"4533","no"
"4534","yes"
"4535","no"
"4536","no"
"4537","yes"
"4538","yes"
"4539","yes"
"4540","yes"
"4541","no"
"4542","yes"
"4543","no"
"4544","yes"
"4545","no"
"4546","no"
"4547","no"
"4548","no"
"4549","no"
"4550","yes"
"4551","no"
"4552","yes"
"4553","no"
"4554","no"
"4555","yes"
"4556","yes"
"4557","no"
"4558","no"
"4559","no"
"4560","yes"
"4561","no"
"4562","no"
"4563","no"
"4564","no"
"4565","no"
"4566","no"
"4567","yes"
"4568","no"
"4569","no"
"4570","no"
"4571","no"
"4572","no"
"4573","no"
"4574","no"
"4575","yes"
"4576","no"
"4577","no"
"4578","no"
"4579","no"
"4580","yes"
"4581","no"
"4582","no"
"4583","yes"
"4584","no"
"4585","no"
"4586","no"
"4587","no"
"4588","no"
"4589","no"
"4590","no"
"4591","no"
"4592","no"
"4593","no"
"4594","no"
"4595","no"
"4596","no"
"4597","no"
"4598","no"
"4599","no"
"4600","no"
"4601","no"
"4602","yes"
"4603","no"
"4604","no"
"4605","no"
"4606","no"
"4607","no"
"4608","yes"
"4609","no"
"4610","no"
"4611","no"
"4612","no"
"4613","yes"
"4614","yes"
"4615","no"
"4616","no"
"4617","no"
"4618","yes"
"4619","no"
"4620","yes"
"4621","no"
"4622","yes"
"4623","yes"
"4624","yes"
"4625","no"
"4626","yes"
"4627","no"
"4628","yes"
"4629","no"
"4630","yes"
"4631","yes"
"4632","yes"
"4633","no"
"4634","yes"
"4635","yes"
"4636","yes"
"4637","yes"
"4638","no"
"4639","no"
"4640","no"
"4641","yes"
"4642","no"
"4643","yes"
"4644","yes"
"4645","no"
"4646","no"
"4647","no"
"4648","no"
"4649","no"
"4650","no"
"4651","yes"
"4652","no"
"4653","no"
"4654","yes"
"4655","no"
"4656","no"
"4657","yes"
"4658","no"
"4659","no"
"4660","no"
"4661","no"
"4662","yes"
"4663","yes"
"4664","yes"
"4665","yes"
"4666","no"
"4667","no"
"4668","no"
"4669","yes"
"4670","yes"
"4671","yes"
"4672","no"
"4673","no"
"4674","yes"
"4675","yes"
"4676","no"
"4677","no"
"4678","yes"
"4679","no"
"4680","yes"
"4681","no"
"4682","no"
"4683","no"
"4684","no"
"4685","no"
"4686","yes"
"4687","no"
"4688","no"
"4689","no"
"4690","yes"
"4691","yes"
"4692","no"
"4693","no"
"4694","yes"
"4695","yes"
"4696","no"
"4697","no"
"4698","no"
"4699","no"
"4700","no"
"4701","no"
"4702","yes"
"4703","yes"
"4704","yes"
"4705","no"
"4706","no"
"4707","yes"
"4708","no"
"4709","no"
"4710","no"
"4711","no"
"4712","yes"
"4713","yes"
"4714","yes"
"4715","no"
"4716","no"
"4717","yes"
"4718","no"
"4719","no"
"4720","no"
"4721","no"
"4722","yes"
"4723","yes"
"4724","yes"
"4725","yes"
"4726","no"
"4727","no"
"4728","no"
"4729","yes"
"4730","no"
"4731","yes"
"4732","no"
"4733","yes"
"4734","yes"
"4735","yes"
"4736","no"
"4737","yes"
"4738","yes"
"4739","yes"
"4740","no"
"4741","no"
"4742","yes"
"4743","yes"
"4744","yes"
"4745","no"
"4746","yes"
"4747","yes"
"4748","yes"
"4749","yes"
"4750","no"
"4751","yes"
"4752","yes"
"4753","yes"
"4754","no"
"4755","no"
"4756","yes"
"4757","yes"
"4758","no"
"4759","yes"
"4760","yes"
"4761","no"
"4762","yes"
"4763","yes"
"4764","no"
"4765","yes"
"4766","no"
"4767","yes"
"4768","yes"
"4769","yes"
"4770","yes"
"4771","yes"
"4772","no"
"4773","no"
"4774","no"
"4775","no"
"4776","no"
"4777","yes"
"4778","yes"
"4779","yes"
"4780","no"
"4781","no"
"4782","no"
"4783","yes"
"4784","yes"
"4785","no"
"4786","yes"
"4787","yes"
"4788","yes"
"4789","yes"
"4790","yes"
"4791","yes"
"4792","yes"
"4793","no"
"4794","no"
"4795","no"
"4796","yes"
"4797","yes"
"4798","yes"
"4799","no"
"4800","yes"
"4801","yes"
"4802","yes"
"4803","yes"
"4804","no"
"4805","no"
"4806","yes"
"4807","yes"
"4808","yes"
"4809","yes"
"4810","no"
"4811","yes"
"4812","no"
"4813","yes"
"4814","no"
"4815","no"
"4816","no"
"4817","yes"
"4818","no"
"4819","yes"
"4820","yes"
"4821","yes"
"4822","no"
"4823","yes"
"4824","yes"
"4825","yes"
"4826","no"
"4827","no"
"4828","no"
"4829","no"
"4830","yes"
"4831","yes"
"4832","no"
"4833","no"
"4834","no"
"4835","no"
"4836","no"
"4837","no"
"4838","no"
"4839","no"
"4840","no"
"4841","no"
"4842","yes"
"4843","yes"
"4844","no"
"4845","yes"
"4846","yes"
"4847","yes"
"4848","no"
"4849","yes"
"4850","no"
"4851","yes"
"4852","yes"
"4853","yes"
"4854","no"
"4855","no"
"4856","yes"
"4857","yes"
"4858","no"
"4859","yes"
"4860","yes"
"4861","no"
"4862","yes"
"4863","yes"
"4864","no"
"4865","yes"
"4866","no"
"4867","no"
"4868","no"
"4869","yes"
"4870","no"
"4871","yes"
"4872","yes"
"4873","no"
"4874","yes"
"4875","no"
"4876","yes"
"4877","yes"
"4878","no"
"4879","yes"
"4880","no"
"4881","no"
"4882","no"
"4883","yes"
"4884","no"
"4885","no"
"4886","no"
"4887","no"
"4888","yes"
"4889","no"
"4890","no"
"4891","yes"
"4892","yes"
"4893","no"
"4894","no"
"4895","no"
"4896","yes"
"4897","no"
"4898","yes"
"4899","yes"
"4900","yes"
"4901","no"
"4902","yes"
"4903","yes"
"4904","yes"
"4905","no"
"4906","no"
"4907","no"
"4908","no"
"4909","yes"
"4910","yes"
"4911","yes"
"4912","yes"
"4913","yes"
"4914","no"
"4915","no"
"4916","yes"
"4917","yes"
"4918","yes"
"4919","yes"
"4920","yes"
"4921","yes"
"4922","no"
"4923","no"
"4924","no"
"4925","no"
"4926","no"
"4927","no"
"4928","no"
"4929","no"
"4930","no"
"4931","yes"
"4932","yes"
"4933","yes"
"4934","yes"
"4935","yes"
"4936","yes"
"4937","yes"
"4938","yes"
"4939","yes"
"4940","yes"
"4941","yes"
"4942","yes"
"4943","no"
"4944","yes"
"4945","yes"
"4946","yes"
"4947","yes"
"4948","yes"
"4949","yes"
"4950","yes"
"4951","yes"
"4952","yes"
"4953","yes"
"4954","yes"
"4955","yes"
"4956","yes"
"4957","yes"
"4958","yes"
"4959","yes"
"4960","yes"
"4961","yes"
"4962","yes"
"4963","no"
"4964","no"
"4965","no"
"4966","yes"
"4967","yes"
"4968","yes"
"4969","yes"
"4970","yes"
"4971","yes"
"4972","yes"
"4973","yes"
"4974","yes"
"4975","yes"
"4976","yes"
"4977","yes"
"4978","yes"
"4979","yes"
"4980","yes"
"4981","yes"
"4982","yes"
"4983","no"
"4984","yes"
"4985","yes"
"4986","yes"
"4987","yes"
"4988","no"
"4989","no"
"4990","yes"
"4991","yes"
"4992","yes"
"4993","yes"
"4994","yes"
"4995","yes"
"4996","yes"
"4997","yes"
"4998","yes"
"4999","yes"
"5000","no"
"5001","no"
"5002","yes"
"5003","yes"
"5004","yes"
"5005","yes"
"5006","yes"
"5007","yes"
"5008","yes"
"5009","yes"
"5010","yes"
"5011","yes"
"5012","yes"
"5013","yes"
"5014","yes"
"5015","yes"
"5016","yes"
"5017","yes"
"5018","yes"
"5019","yes"
"5020","yes"
"5021","yes"
"5022","no"
"5023","yes"
"5024","yes"
"5025","yes"
"5026","yes"
"5027","no"
"5028","yes"
"5029","yes"
"5030","yes"
"5031","yes"
"5032","yes"
"5033","no"
"5034","yes"
"5035","yes"
"5036","yes"
"5037","yes"
"5038","yes"
"5039","yes"
"5040","yes"
"5041","yes"
"5042","yes"
"5043","yes"
"5044","yes"
"5045","yes"
"5046","yes"
"5047","yes"
"5048","yes"
"5049","yes"
"5050","yes"
"5051","no"
"5052","yes"
"5053","yes"
"5054","yes"
"5055","yes"
"5056","yes"
"5057","yes"
"5058","yes"
"5059","yes"
"5060","yes"
"5061","no"
"5062","no"
"5063","yes"
"5064","yes"
"5065","yes"
"5066","yes"
"5067","yes"
"5068","yes"
"5069","yes"
"5070","yes"
"5071","yes"
"5072","yes"
"5073","yes"
"5074","yes"
"5075","yes"
"5076","yes"
"5077","yes"
"5078","yes"
"5079","yes"
"5080","yes"
"5081","yes"
"5082","no"
"5083","yes"
"5084","yes"
"5085","yes"
"5086","yes"
"5087","yes"
"5088","yes"
"5089","yes"
"5090","yes"
"5091","no"
"5092","yes"
"5093","yes"
"5094","yes"
"5095","no"
"5096","yes"
"5097","yes"
"5098","yes"
"5099","yes"
"5100","yes"
"5101","yes"
"5102","yes"
"5103","yes"
"5104","yes"
"5105","yes"
"5106","yes"
"5107","yes"
"5108","yes"
"5109","yes"
"5110","yes"
"5111","yes"
"5112","yes"
"5113","yes"
"5114","yes"
"5115","yes"
"5116","yes"
"5117","yes"
"5118","yes"
"5119","yes"
"5120","yes"
"5121","yes"
"5122","no"
"5123","yes"
"5124","yes"
"5125","yes"
"5126","yes"
"5127","yes"
"5128","yes"
"5129","yes"
"5130","yes"
"5131","yes"
"5132","yes"
"5133","yes"
"5134","yes"
"5135","no"
"5136","no"
"5137","yes"
"5138","no"
"5139","no"
"5140","yes"
"5141","yes"
"5142","no"
"5143","no"
"5144","yes"
"5145","no"
"5146","no"
"5147","no"
"5148","yes"
"5149","yes"
"5150","yes"
"5151","no"
"5152","no"
"5153","no"
"5154","no"
"5155","yes"
"5156","yes"
"5157","yes"
"5158","yes"
"5159","no"
"5160","yes"
"5161","no"
"5162","yes"
"5163","yes"
"5164","no"
"5165","yes"
"5166","yes"
"5167","yes"
"5168","yes"
"5169","no"
"5170","no"
"5171","no"
"5172","no"
"5173","no"
"5174","yes"
"5175","yes"
"5176","no"
"5177","yes"
"5178","yes"
"5179","no"
"5180","yes"
"5181","no"
"5182","yes"
"5183","no"
"5184","no"
"5185","no"
"5186","no"
"5187","yes"
"5188","no"
"5189","no"
"5190","no"
"5191","no"
"5192","yes"
"5193","yes"
"5194","no"
"5195","yes"
"5196","yes"
"5197","no"
"5198","yes"
"5199","yes"
"5200","yes"
"5201","yes"
"5202","yes"
"5203","yes"
"5204","no"
"5205","yes"
"5206","yes"
"5207","yes"
"5208","yes"
"5209","yes"
"5210","no"
